{
  "files": [
    {
      "filepath": "/Users/enisdenjo/Develop/src/github.com/graphql-hive/gateway/e2e/auto-type-merging/auto-type-merging.bench.ts",
      "groups": [
        {
          "fullName": "e2e/auto-type-merging/auto-type-merging.bench.ts",
          "benchmarks": [
            {
              "id": "-1843347779_0",
              "name": "GetPet",
              "rank": 1,
              "rme": 5.066242516818497,
              "samples": [],
              "totalTime": 500.81333112716675,
              "min": 5.3155412673950195,
              "max": 15.471333026885986,
              "hz": 133.78238125012555,
              "period": 7.474825837718907,
              "mean": 7.474825837718907,
              "variance": 2.409310535560035,
              "sd": 1.552195392197785,
              "sem": 0.18963084859722062,
              "df": 66,
              "critical": 1.997,
              "moe": 0.37869280464864963,
              "p75": 8.564457893371582,
              "p99": 15.471333026885986,
              "p995": 15.471333026885986,
              "p999": 15.471333026885986,
              "sampleCount": 67,
              "median": 7.2357497215271
            }
          ]
        }
      ]
    }
  ]
}